{"r_squared": 0.03570513102945372, "rmse": 45934640.26837268}